GROUP,PACKAGE,CLASS,INSTRUCTION_MISSED,INSTRUCTION_COVERED,BRANCH_MISSED,BRANCH_COVERED,LINE_MISSED,LINE_COVERED,COMPLEXITY_MISSED,COMPLEXITY_COVERED,METHOD_MISSED,METHOD_COVERED
ProcessRunner,com.saptarshidebnath.lib.processrunner.configuration,Configuration.ConfigBuilder,0,240,0,24,0,51,0,21,0,9
ProcessRunner,com.saptarshidebnath.lib.processrunner.configuration,Configuration,3,107,0,2,1,21,1,11,1,10
ProcessRunner,com.saptarshidebnath.lib.processrunner.constants,OutputSourceType,0,48,0,0,0,4,0,4,0,4
ProcessRunner,com.saptarshidebnath.lib.processrunner.constants,ProcessRunnerConstants,3,21,0,0,1,5,1,1,1,1
ProcessRunner,com.saptarshidebnath.lib.processrunner.output,OutputImpl,30,248,6,14,0,40,4,19,0,13
ProcessRunner,com.saptarshidebnath.lib.processrunner.output,LogHandler,10,386,5,31,0,85,5,22,0,9
ProcessRunner,com.saptarshidebnath.lib.processrunner.output,OutputFactory,0,19,0,0,0,5,0,3,0,3
ProcessRunner,com.saptarshidebnath.lib.processrunner.process,RunnerImpl,17,151,0,2,1,38,1,5,1,4
ProcessRunner,com.saptarshidebnath.lib.processrunner.process,RunnerFactory,3,33,0,0,1,7,1,4,1,4
ProcessRunner,com.saptarshidebnath.lib.processrunner.model,OutputRecord,28,23,0,0,2,9,2,5,2,5
ProcessRunner,com.saptarshidebnath.lib.processrunner.utilities,Threadify,0,28,0,0,0,6,0,4,0,4
ProcessRunner,com.saptarshidebnath.lib.processrunner.exception,ProcessException,0,4,0,0,0,2,0,1,0,1
ProcessRunner,com.saptarshidebnath.lib.processrunner.exception,ProcessConfigurationException,0,4,0,0,0,2,0,1,0,1
ProcessRunner,com.saptarshidebnath.lib.processrunner.utilities.fileutils,GrepFile,30,65,6,6,0,14,4,5,0,3
ProcessRunner,com.saptarshidebnath.lib.processrunner.utilities.fileutils,LogWriter,90,100,18,12,0,18,12,6,0,3
ProcessRunner,com.saptarshidebnath.lib.processrunner.utilities.fileutils,TempFile,0,7,0,0,0,2,0,2,0,2
